{
  "project_info": {
    "project_number": "975543931426",
    "firebase_url": "https://project2-b998a-default-rtdb.firebaseio.com",
    "project_id": "project2-b998a",
    "storage_bucket": "project2-b998a.appspot.com"
  },
  "client": [
    {
      "client_info": {
        "mobilesdk_app_id": "1:975543931426:android:e9d8334921f5a36dd2707b",
        "android_client_info": {
          "package_name": "com.example.shop_app"
        }
      },
      "oauth_client": [
        {
          "client_id": "975543931426-hqt7t2f8955ekk8tg1h2ej0g5enfbs3n.apps.googleusercontent.com",
          "client_type": 1,
          "android_info": {
            "package_name": "com.example.shop_app",
            "certificate_hash": "96b708633e63075c001e9a06cb8da12b7c241ca6"
          }
        },
        {
          "client_id": "975543931426-favpidql633g14b7vtcaapcjpiocrp64.apps.googleusercontent.com",
          "client_type": 3
        }
      ],
      "api_key": [
        {
          "current_key": "AIzaSyDENGP-eGp6sNOLBo3UP42-x1prg45wCAc"
        }
      ],
      "services": {
        "appinvite_service": {
          "other_platform_oauth_client": [
            {
              "client_id": "975543931426-favpidql633g14b7vtcaapcjpiocrp64.apps.googleusercontent.com",
              "client_type": 3
            }
          ]
        }
      }
    }
  ],
  "configuration_version": "1"
}